testfm69-vgg-unified_trans-lr5e-4-bs-144-balbal-mix0.5-ls1-ld0.5-lst1-ldaTrue-e1024-se16-h4-di0-ds6-asl30-vsl30-normTrue-feat2-a0.5-noiseTrue-r1,0.06418281,0.06405629,0.06347763,0.06288216,0.05751824,0.052963994
testfm69-vgg-unified_trans-lr5e-4-bs-144-balbal-mix0.5-ls1-ld0.5-lst1-ldaTrue-e1024-se16-h4-di0-ds6-asl30-vsl30-normTrue-feat2-a0.5-noiseTrue-r2,0.06420651,0.064136215,0.06395442,0.062914856,0.06053849,0.05700806
testfm69-vgg-unified_trans-lr5e-4-bs-144-balbal-mix0.5-ls1-ld0.5-lst1-ldaTrue-e1024-se16-h4-di0-ds6-asl30-vsl30-normTrue-feat2-a0.5-noiseTrue-r3,0.06423849,0.06413579,0.063965924,0.06292221,0.060317714,0.054020755
testfm69-vgg-unified_trans-lr5e-4-bs-144-balbal-mix0.5-ls1-ld0.5-lst1-ldaTrue-e1024-se16-h4-di1-ds5-asl30-vsl30-normTrue-feat2-a0.5-noiseTrue-r1,0.0642997,0.06286082,0.062110957,0.062695,0.06255479,0.06250843
testfm69-vgg-unified_trans-lr5e-4-bs-144-balbal-mix0.5-ls1-ld0.5-lst1-ldaTrue-e1024-se16-h4-di1-ds5-asl30-vsl30-normTrue-feat2-a0.5-noiseTrue-r2,0.06432606,0.06346373,0.06305639,0.063307084,0.06262395,0.063017644
testfm69-vgg-unified_trans-lr5e-4-bs-144-balbal-mix0.5-ls1-ld0.5-lst1-ldaTrue-e1024-se16-h4-di1-ds5-asl30-vsl30-normTrue-feat2-a0.5-noiseTrue-r3,0.06438557,0.06346204,0.0630314,0.063095175,0.06330156,0.06308418
testfm69-vgg-unified_trans-lr5e-4-bs-144-balbal-mix0.5-ls1-ld0.5-lst1-ldaTrue-e1024-se16-h4-di2-ds4-asl30-vsl30-normTrue-feat2-a0.5-noiseTrue-r1,0.06423001,0.06450001,0.06099955,0.061350238,0.06089242,0.061616614
testfm69-vgg-unified_trans-lr5e-4-bs-144-balbal-mix0.5-ls1-ld0.5-lst1-ldaTrue-e1024-se16-h4-di2-ds4-asl30-vsl30-normTrue-feat2-a0.5-noiseTrue-r2,0.06435503,0.0644789,0.0623853,0.06277696,0.062699616,0.063258514
testfm69-vgg-unified_trans-lr5e-4-bs-144-balbal-mix0.5-ls1-ld0.5-lst1-ldaTrue-e1024-se16-h4-di2-ds4-asl30-vsl30-normTrue-feat2-a0.5-noiseTrue-r3,0.06438877,0.06449134,0.062251415,0.06216808,0.06124632,0.062279817
testfm69-vgg-unified_trans-lr5e-4-bs-144-balbal-mix0.5-ls1-ld0.5-lst1-ldaTrue-e1024-se16-h4-di3-ds3-asl30-vsl30-normTrue-feat2-a0.5-noiseTrue-r1,0.0643438,0.06443835,0.0,0.061992534,0.061942335,0.06313024
testfm69-vgg-unified_trans-lr5e-4-bs-144-balbal-mix0.5-ls1-ld0.5-lst1-ldaTrue-e1024-se16-h4-di3-ds3-asl30-vsl30-normTrue-feat2-a0.5-noiseTrue-r2,0.06388419,0.06443374,0.0,0.058144063,0.058485616,0.059681773
testfm69-vgg-unified_trans-lr5e-4-bs-144-balbal-mix0.5-ls1-ld0.5-lst1-ldaTrue-e1024-se16-h4-di3-ds3-asl30-vsl30-normTrue-feat2-a0.5-noiseTrue-r3,0.064273074,0.06443838,0.015419334,0.062133536,0.06171792,0.06296607
testfm69-vgg-unified_trans-lr5e-4-bs-144-balbal-mix0.5-ls1-ld0.5-lst1-ldaTrue-e1024-se16-h4-di4-ds2-asl30-vsl30-normTrue-feat2-a0.5-noiseTrue-r1,0.06425547,0.06443854,0.0,0.0,0.06356817,0.06239022
testfm69-vgg-unified_trans-lr5e-4-bs-144-balbal-mix0.5-ls1-ld0.5-lst1-ldaTrue-e1024-se16-h4-di4-ds2-asl30-vsl30-normTrue-feat2-a0.5-noiseTrue-r2,0.064324714,0.06446367,0.0,0.0,0.06307941,0.062953755
testfm69-vgg-unified_trans-lr5e-4-bs-144-balbal-mix0.5-ls1-ld0.5-lst1-ldaTrue-e1024-se16-h4-di4-ds2-asl30-vsl30-normTrue-feat2-a0.5-noiseTrue-r3,0.0641608,0.064437404,0.0,0.0,0.06121111,0.06031614
testfm69-vgg-unified_trans-lr5e-4-bs-144-balbal-mix0.5-ls1-ld0.5-lst1-ldaTrue-e1024-se16-h4-di5-ds1-asl30-vsl30-normTrue-feat2-a0.5-noiseTrue-r1,0.064161204,0.06445532,0.0,0.0,0.0,0.061575558
testfm69-vgg-unified_trans-lr5e-4-bs-144-balbal-mix0.5-ls1-ld0.5-lst1-ldaTrue-e1024-se16-h4-di5-ds1-asl30-vsl30-normTrue-feat2-a0.5-noiseTrue-r2,0.064222895,0.064438805,0.0,0.0,0.0,0.061590265
testfm69-vgg-unified_trans-lr5e-4-bs-144-balbal-mix0.5-ls1-ld0.5-lst1-ldaTrue-e1024-se16-h4-di5-ds1-asl30-vsl30-normTrue-feat2-a0.5-noiseTrue-r3,0.06422931,0.06443843,0.0,0.0,0.0,0.062671445
testfm69-vgg-unified_trans-lr5e-4-bs-144-balbal-mix0.5-ls1-ld0.5-lst1-ldaTrue-e1024-se16-h4-di6-ds0-asl30-vsl30-normTrue-feat2-a0.5-noiseTrue-r1,0.06382757,0.06442054,0.064372435,0.0643406,0.04726594,0.06433999
testfm69-vgg-unified_trans-lr5e-4-bs-144-balbal-mix0.5-ls1-ld0.5-lst1-ldaTrue-e1024-se16-h4-di6-ds0-asl30-vsl30-normTrue-feat2-a0.5-noiseTrue-r2,0.06383352,0.06436674,0.0644257,0.06446004,0.064509206,0.064339474
testfm69-vgg-unified_trans-lr5e-4-bs-144-balbal-mix0.5-ls1-ld0.5-lst1-ldaTrue-e1024-se16-h4-di6-ds0-asl30-vsl30-normTrue-feat2-a0.5-noiseTrue-r3,0.06350714,0.06429316,0.064288676,0.06428705,0.06435145,0.064406194
testfm69-vgg-unified_trans-lr5e-4-bs-144-balbal-mix0.5-ls1-ld0.5-lst1-ldaTrue-e1024-se32-h4-di0-ds6-asl30-vsl30-normTrue-feat2-a0.5-noiseTrue-r1,0.06409383,0.06416089,0.06407353,0.064006194,0.063896544,0.06361816
testfm69-vgg-unified_trans-lr5e-4-bs-144-balbal-mix0.5-ls1-ld0.5-lst1-ldaTrue-e1024-se32-h4-di0-ds6-asl30-vsl30-normTrue-feat2-a0.5-noiseTrue-r2,0.06409488,0.06403816,0.06403425,0.064072646,0.0638533,0.063727126
testfm69-vgg-unified_trans-lr5e-4-bs-144-balbal-mix0.5-ls1-ld0.5-lst1-ldaTrue-e1024-se32-h4-di0-ds6-asl30-vsl30-normTrue-feat2-a0.5-noiseTrue-r3,0.06415671,0.06404861,0.0640786,0.06394724,0.06372995,0.06342992
testfm69-vgg-unified_trans-lr5e-4-bs-144-balbal-mix0.5-ls1-ld0.5-lst1-ldaTrue-e1024-se32-h4-di1-ds5-asl30-vsl30-normTrue-feat2-a0.5-noiseTrue-r1,0.06434139,0.063533574,0.06273,0.06301273,0.06289712,0.06304022
testfm69-vgg-unified_trans-lr5e-4-bs-144-balbal-mix0.5-ls1-ld0.5-lst1-ldaTrue-e1024-se32-h4-di1-ds5-asl30-vsl30-normTrue-feat2-a0.5-noiseTrue-r2,0.06423355,0.062548436,0.06263291,0.06259828,0.062740676,0.06278777
testfm69-vgg-unified_trans-lr5e-4-bs-144-balbal-mix0.5-ls1-ld0.5-lst1-ldaTrue-e1024-se32-h4-di1-ds5-asl30-vsl30-normTrue-feat2-a0.5-noiseTrue-r3,0.06429129,0.06271707,0.063423134,0.06298305,0.06271543,0.06312879
testfm69-vgg-unified_trans-lr5e-4-bs-144-balbal-mix0.5-ls1-ld0.5-lst1-ldaTrue-e1024-se32-h4-di2-ds4-asl30-vsl30-normTrue-feat2-a0.5-noiseTrue-r1,0.06446058,0.06441947,0.058444384,0.056827538,0.05566448,0.05793144
testfm69-vgg-unified_trans-lr5e-4-bs-144-balbal-mix0.5-ls1-ld0.5-lst1-ldaTrue-e1024-se32-h4-di2-ds4-asl30-vsl30-normTrue-feat2-a0.5-noiseTrue-r2,0.06431291,0.064478695,0.06154231,0.06154597,0.061736695,0.061210535
testfm69-vgg-unified_trans-lr5e-4-bs-144-balbal-mix0.5-ls1-ld0.5-lst1-ldaTrue-e1024-se32-h4-di2-ds4-asl30-vsl30-normTrue-feat2-a0.5-noiseTrue-r3,0.064251706,0.064324275,0.061350826,0.06126772,0.061991572,0.061754953
testfm69-vgg-unified_trans-lr5e-4-bs-144-balbal-mix0.5-ls1-ld0.5-lst1-ldaTrue-e1024-se32-h4-di3-ds3-asl30-vsl30-normTrue-feat2-a0.5-noiseTrue-r1,0.06432532,0.06446587,0.047272373,0.061310064,0.062047895,0.062259506
testfm69-vgg-unified_trans-lr5e-4-bs-144-balbal-mix0.5-ls1-ld0.5-lst1-ldaTrue-e1024-se32-h4-di3-ds3-asl30-vsl30-normTrue-feat2-a0.5-noiseTrue-r2,0.06408802,0.064536065,0.06431347,0.059301995,0.060427096,0.059213586
testfm69-vgg-unified_trans-lr5e-4-bs-144-balbal-mix0.5-ls1-ld0.5-lst1-ldaTrue-e1024-se32-h4-di3-ds3-asl30-vsl30-normTrue-feat2-a0.5-noiseTrue-r3,0.06428795,0.06446582,0.04788788,0.06053048,0.060388226,0.060835216
testfm69-vgg-unified_trans-lr5e-4-bs-144-balbal-mix0.5-ls1-ld0.5-lst1-ldaTrue-e1024-se32-h4-di4-ds2-asl30-vsl30-normTrue-feat2-a0.5-noiseTrue-r1,0.06396108,0.06446955,0.04597509,0.06430302,0.06053256,0.05841852
testfm69-vgg-unified_trans-lr5e-4-bs-144-balbal-mix0.5-ls1-ld0.5-lst1-ldaTrue-e1024-se32-h4-di4-ds2-asl30-vsl30-normTrue-feat2-a0.5-noiseTrue-r2,0.06412161,0.06447073,0.022323519,0.03793907,0.06048176,0.061118126
testfm69-vgg-unified_trans-lr5e-4-bs-144-balbal-mix0.5-ls1-ld0.5-lst1-ldaTrue-e1024-se32-h4-di4-ds2-asl30-vsl30-normTrue-feat2-a0.5-noiseTrue-r3,0.06398206,0.06444381,0.0023760947,0.010493099,0.06031832,0.058992926
testfm69-vgg-unified_trans-lr5e-4-bs-144-balbal-mix0.5-ls1-ld0.5-lst1-ldaTrue-e1024-se32-h4-di5-ds1-asl30-vsl30-normTrue-feat2-a0.5-noiseTrue-r1,0.06420566,0.06443778,0.0,0.0,0.0,0.06106148
testfm69-vgg-unified_trans-lr5e-4-bs-144-balbal-mix0.5-ls1-ld0.5-lst1-ldaTrue-e1024-se32-h4-di5-ds1-asl30-vsl30-normTrue-feat2-a0.5-noiseTrue-r2,0.06413544,0.06443661,0.0,0.0,0.0,0.05903099
testfm69-vgg-unified_trans-lr5e-4-bs-144-balbal-mix0.5-ls1-ld0.5-lst1-ldaTrue-e1024-se32-h4-di5-ds1-asl30-vsl30-normTrue-feat2-a0.5-noiseTrue-r3,0.06402724,0.06445824,6.052049e-12,1.2580058e-07,0.015757514,0.06044778
testfm69-vgg-unified_trans-lr5e-4-bs-144-balbal-mix0.5-ls1-ld0.5-lst1-ldaTrue-e1024-se32-h4-di6-ds0-asl30-vsl30-normTrue-feat2-a0.5-noiseTrue-r1,0.06374565,0.064481884,0.06442489,0.06445016,0.064433984,0.06437411
testfm69-vgg-unified_trans-lr5e-4-bs-144-balbal-mix0.5-ls1-ld0.5-lst1-ldaTrue-e1024-se32-h4-di6-ds0-asl30-vsl30-normTrue-feat2-a0.5-noiseTrue-r2,0.063635424,0.0644056,0.064504616,0.06438833,0.06443537,0.06447461
testfm69-vgg-unified_trans-lr5e-4-bs-144-balbal-mix0.5-ls1-ld0.5-lst1-ldaTrue-e1024-se32-h4-di6-ds0-asl30-vsl30-normTrue-feat2-a0.5-noiseTrue-r3,0.063758954,0.06442407,0.06438467,0.06443202,0.064440675,0.06431169
testfm69-vgg-unified_trans-lr5e-5-bs-144-balbal-mix0.5-ls1-ld0.5-lst1-ldaTrue-e1024-se1024-h4-di0-ds6-asl30-vsl30-normTrue-feat2-a0.5-noiseTrue-r1,0.044302292,0.045507826,0.049734842,0.053899135,0.054226346,0.053174227
testfm69-vgg-unified_trans-lr5e-5-bs-144-balbal-mix0.5-ls1-ld0.5-lst1-ldaTrue-e1024-se1024-h4-di0-ds6-asl30-vsl30-normTrue-feat2-a0.5-noiseTrue-r2,0.046030972,0.04908031,0.053348266,0.056453012,0.05730983,0.057410624
testfm69-vgg-unified_trans-lr5e-5-bs-144-balbal-mix0.5-ls1-ld0.5-lst1-ldaTrue-e1024-se1024-h4-di0-ds6-asl30-vsl30-normTrue-feat2-a0.5-noiseTrue-r3,0.04645143,0.048904475,0.05437959,0.057441298,0.058091205,0.057138894
testfm69-vgg-unified_trans-lr5e-5-bs-144-balbal-mix0.5-ls1-ld0.5-lst1-ldaTrue-e1024-se1024-h4-di1-ds5-asl30-vsl30-normTrue-feat2-a0.5-noiseTrue-r1,0.04015632,0.04079309,0.04760518,0.049508348,0.049401592,0.051850565
testfm69-vgg-unified_trans-lr5e-5-bs-144-balbal-mix0.5-ls1-ld0.5-lst1-ldaTrue-e1024-se1024-h4-di1-ds5-asl30-vsl30-normTrue-feat2-a0.5-noiseTrue-r2,0.041801073,0.04117216,0.05037592,0.05060993,0.052510418,0.049068782
testfm69-vgg-unified_trans-lr5e-5-bs-144-balbal-mix0.5-ls1-ld0.5-lst1-ldaTrue-e1024-se1024-h4-di1-ds5-asl30-vsl30-normTrue-feat2-a0.5-noiseTrue-r3,0.039532244,0.042210173,0.047376774,0.048521098,0.04693788,0.04766724
testfm69-vgg-unified_trans-lr5e-5-bs-144-balbal-mix0.5-ls1-ld0.5-lst1-ldaTrue-e1024-se1024-h4-di2-ds4-asl30-vsl30-normTrue-feat2-a0.5-noiseTrue-r1,0.041096233,0.039115965,0.03612292,0.042515732,0.043558825,0.044176895
testfm69-vgg-unified_trans-lr5e-5-bs-144-balbal-mix0.5-ls1-ld0.5-lst1-ldaTrue-e1024-se1024-h4-di2-ds4-asl30-vsl30-normTrue-feat2-a0.5-noiseTrue-r2,0.04203335,0.039691493,0.042617075,0.043520737,0.04612031,0.04808346
testfm69-vgg-unified_trans-lr5e-5-bs-144-balbal-mix0.5-ls1-ld0.5-lst1-ldaTrue-e1024-se1024-h4-di2-ds4-asl30-vsl30-normTrue-feat2-a0.5-noiseTrue-r3,0.040096287,0.037914716,0.040402703,0.04355247,0.043371346,0.039761126
testfm69-vgg-unified_trans-lr5e-5-bs-144-balbal-mix0.5-ls1-ld0.5-lst1-ldaTrue-e1024-se1024-h4-di3-ds3-asl30-vsl30-normTrue-feat2-a0.5-noiseTrue-r1,0.041784167,0.038607627,0.041442916,0.029902328,0.031458788,0.029353442
testfm69-vgg-unified_trans-lr5e-5-bs-144-balbal-mix0.5-ls1-ld0.5-lst1-ldaTrue-e1024-se1024-h4-di3-ds3-asl30-vsl30-normTrue-feat2-a0.5-noiseTrue-r2,0.04197981,0.03760864,0.041964985,0.0320589,0.033603232,0.034004603
testfm69-vgg-unified_trans-lr5e-5-bs-144-balbal-mix0.5-ls1-ld0.5-lst1-ldaTrue-e1024-se1024-h4-di3-ds3-asl30-vsl30-normTrue-feat2-a0.5-noiseTrue-r3,0.042345516,0.041925102,0.04897112,0.036502924,0.043241974,0.044383083
testfm69-vgg-unified_trans-lr5e-5-bs-144-balbal-mix0.5-ls1-ld0.5-lst1-ldaTrue-e1024-se1024-h4-di4-ds2-asl30-vsl30-normTrue-feat2-a0.5-noiseTrue-r1,0.041119453,0.040771127,0.04831224,0.050681088,0.03811812,0.04289633
testfm69-vgg-unified_trans-lr5e-5-bs-144-balbal-mix0.5-ls1-ld0.5-lst1-ldaTrue-e1024-se1024-h4-di4-ds2-asl30-vsl30-normTrue-feat2-a0.5-noiseTrue-r2,0.040701732,0.03803418,0.040809836,0.041453104,0.024489833,0.022459159
testfm69-vgg-unified_trans-lr5e-5-bs-144-balbal-mix0.5-ls1-ld0.5-lst1-ldaTrue-e1024-se1024-h4-di4-ds2-asl30-vsl30-normTrue-feat2-a0.5-noiseTrue-r3,0.04164505,0.04259602,0.046199657,0.047492754,0.025482249,0.02790726
testfm69-vgg-unified_trans-lr5e-5-bs-144-balbal-mix0.5-ls1-ld0.5-lst1-ldaTrue-e1024-se1024-h4-di5-ds1-asl30-vsl30-normTrue-feat2-a0.5-noiseTrue-r1,0.043236166,0.04493936,0.0501176,0.054595467,0.05678293,0.030830894
testfm69-vgg-unified_trans-lr5e-5-bs-144-balbal-mix0.5-ls1-ld0.5-lst1-ldaTrue-e1024-se1024-h4-di5-ds1-asl30-vsl30-normTrue-feat2-a0.5-noiseTrue-r2,0.039008077,0.040536836,0.041313022,0.042941093,0.043748323,0.015298115
testfm69-vgg-unified_trans-lr5e-5-bs-144-balbal-mix0.5-ls1-ld0.5-lst1-ldaTrue-e1024-se1024-h4-di5-ds1-asl30-vsl30-normTrue-feat2-a0.5-noiseTrue-r3,0.04290632,0.04395376,0.05023757,0.055079173,0.056410376,0.029193258
testfm69-vgg-unified_trans-lr5e-5-bs-144-balbal-mix0.5-ls1-ld0.5-lst1-ldaTrue-e1024-se1024-h4-di6-ds0-asl30-vsl30-normTrue-feat2-a0.5-noiseTrue-r1,0.038859967,0.040243145,0.043822866,0.042763747,0.042437643,0.04432612
testfm69-vgg-unified_trans-lr5e-5-bs-144-balbal-mix0.5-ls1-ld0.5-lst1-ldaTrue-e1024-se1024-h4-di6-ds0-asl30-vsl30-normTrue-feat2-a0.5-noiseTrue-r2,0.0411511,0.04140397,0.04676694,0.045168925,0.047911033,0.05080051
testfm69-vgg-unified_trans-lr5e-5-bs-144-balbal-mix0.5-ls1-ld0.5-lst1-ldaTrue-e1024-se1024-h4-di6-ds0-asl30-vsl30-normTrue-feat2-a0.5-noiseTrue-r3,0.042679492,0.044900324,0.052069392,0.056416016,0.058793724,0.058665525
testfm69-vgg-unified_trans-lr5e-5-bs-144-balbal-mix0.5-ls1-ld0.5-lst1-ldaTrue-e1024-se128-h4-di0-ds6-asl30-vsl30-normTrue-feat2-a0.5-noiseTrue-r1,0.026568064,0.029590646,0.029213391,0.026180668,0.027305154,0.025175085
testfm69-vgg-unified_trans-lr5e-5-bs-144-balbal-mix0.5-ls1-ld0.5-lst1-ldaTrue-e1024-se128-h4-di0-ds6-asl30-vsl30-normTrue-feat2-a0.5-noiseTrue-r2,0.025727782,0.026703637,0.029438483,0.026083108,0.023686897,0.02173042
testfm69-vgg-unified_trans-lr5e-5-bs-144-balbal-mix0.5-ls1-ld0.5-lst1-ldaTrue-e1024-se128-h4-di0-ds6-asl30-vsl30-normTrue-feat2-a0.5-noiseTrue-r3,0.024486596,0.026092457,0.027244264,0.025303945,0.024523513,0.023157243
testfm69-vgg-unified_trans-lr5e-5-bs-144-balbal-mix0.5-ls1-ld0.5-lst1-ldaTrue-e1024-se128-h4-di1-ds5-asl30-vsl30-normTrue-feat2-a0.5-noiseTrue-r1,0.04369166,0.0071991007,0.008398736,0.008807204,0.00881408,0.008782434
testfm69-vgg-unified_trans-lr5e-5-bs-144-balbal-mix0.5-ls1-ld0.5-lst1-ldaTrue-e1024-se128-h4-di1-ds5-asl30-vsl30-normTrue-feat2-a0.5-noiseTrue-r2,0.043612562,0.0069901654,0.007892136,0.008405885,0.008283012,0.008391643
testfm69-vgg-unified_trans-lr5e-5-bs-144-balbal-mix0.5-ls1-ld0.5-lst1-ldaTrue-e1024-se128-h4-di1-ds5-asl30-vsl30-normTrue-feat2-a0.5-noiseTrue-r3,0.042814385,0.0063777445,0.006790235,0.0072119357,0.0073384633,0.007465487
testfm69-vgg-unified_trans-lr5e-5-bs-144-balbal-mix0.5-ls1-ld0.5-lst1-ldaTrue-e1024-se128-h4-di2-ds4-asl30-vsl30-normTrue-feat2-a0.5-noiseTrue-r1,0.0373313,0.03964006,0.005625616,0.0061754202,0.0064136228,0.0066257063
testfm69-vgg-unified_trans-lr5e-5-bs-144-balbal-mix0.5-ls1-ld0.5-lst1-ldaTrue-e1024-se128-h4-di2-ds4-asl30-vsl30-normTrue-feat2-a0.5-noiseTrue-r2,0.039658263,0.040629886,0.006104645,0.0066063614,0.007079085,0.007346464
testfm69-vgg-unified_trans-lr5e-5-bs-144-balbal-mix0.5-ls1-ld0.5-lst1-ldaTrue-e1024-se128-h4-di2-ds4-asl30-vsl30-normTrue-feat2-a0.5-noiseTrue-r3,0.03701687,0.038368087,0.005686956,0.006249672,0.0064817574,0.0067215846
testfm69-vgg-unified_trans-lr5e-5-bs-144-balbal-mix0.5-ls1-ld0.5-lst1-ldaTrue-e1024-se128-h4-di3-ds3-asl30-vsl30-normTrue-feat2-a0.5-noiseTrue-r1,0.03990858,0.038835064,0.046120025,0.00565705,0.0061164843,0.0064197397
testfm69-vgg-unified_trans-lr5e-5-bs-144-balbal-mix0.5-ls1-ld0.5-lst1-ldaTrue-e1024-se128-h4-di3-ds3-asl30-vsl30-normTrue-feat2-a0.5-noiseTrue-r2,0.040315934,0.03927396,0.047569897,0.005950493,0.006363412,0.0066324174
testfm69-vgg-unified_trans-lr5e-5-bs-144-balbal-mix0.5-ls1-ld0.5-lst1-ldaTrue-e1024-se128-h4-di3-ds3-asl30-vsl30-normTrue-feat2-a0.5-noiseTrue-r3,0.038088758,0.037269477,0.04588808,0.0056227036,0.0059252093,0.00636389
testfm69-vgg-unified_trans-lr5e-5-bs-144-balbal-mix0.5-ls1-ld0.5-lst1-ldaTrue-e1024-se128-h4-di4-ds2-asl30-vsl30-normTrue-feat2-a0.5-noiseTrue-r1,0.0376349,0.03469092,0.04343489,0.04793349,0.0049598445,0.0052476227
testfm69-vgg-unified_trans-lr5e-5-bs-144-balbal-mix0.5-ls1-ld0.5-lst1-ldaTrue-e1024-se128-h4-di4-ds2-asl30-vsl30-normTrue-feat2-a0.5-noiseTrue-r2,0.034543026,0.033328127,0.038990628,0.04568073,0.004850119,0.0050991047
testfm69-vgg-unified_trans-lr5e-5-bs-144-balbal-mix0.5-ls1-ld0.5-lst1-ldaTrue-e1024-se128-h4-di4-ds2-asl30-vsl30-normTrue-feat2-a0.5-noiseTrue-r3,0.040014975,0.037554566,0.045345105,0.050762095,0.005299702,0.0056008985
testfm69-vgg-unified_trans-lr5e-5-bs-144-balbal-mix0.5-ls1-ld0.5-lst1-ldaTrue-e1024-se128-h4-di5-ds1-asl30-vsl30-normTrue-feat2-a0.5-noiseTrue-r1,0.040068798,0.039547823,0.04671522,0.05206964,0.05698884,0.0047551
testfm69-vgg-unified_trans-lr5e-5-bs-144-balbal-mix0.5-ls1-ld0.5-lst1-ldaTrue-e1024-se128-h4-di5-ds1-asl30-vsl30-normTrue-feat2-a0.5-noiseTrue-r2,0.04053827,0.03851337,0.046260834,0.0525355,0.056487553,0.0047848485
testfm69-vgg-unified_trans-lr5e-5-bs-144-balbal-mix0.5-ls1-ld0.5-lst1-ldaTrue-e1024-se128-h4-di5-ds1-asl30-vsl30-normTrue-feat2-a0.5-noiseTrue-r3,0.03953422,0.03788434,0.046190955,0.05220759,0.05626012,0.004630499
testfm69-vgg-unified_trans-lr5e-5-bs-144-balbal-mix0.5-ls1-ld0.5-lst1-ldaTrue-e1024-se128-h4-di6-ds0-asl30-vsl30-normTrue-feat2-a0.5-noiseTrue-r1,0.042647805,0.042978458,0.04869124,0.05229489,0.054067366,0.05485861
testfm69-vgg-unified_trans-lr5e-5-bs-144-balbal-mix0.5-ls1-ld0.5-lst1-ldaTrue-e1024-se128-h4-di6-ds0-asl30-vsl30-normTrue-feat2-a0.5-noiseTrue-r2,0.03922919,0.040284466,0.043971825,0.044940263,0.04257742,0.04485707
testfm69-vgg-unified_trans-lr5e-5-bs-144-balbal-mix0.5-ls1-ld0.5-lst1-ldaTrue-e1024-se128-h4-di6-ds0-asl30-vsl30-normTrue-feat2-a0.5-noiseTrue-r3,0.045511845,0.04726877,0.05242704,0.056695256,0.059201814,0.05923639
testfm69-vgg-unified_trans-lr5e-5-bs-144-balbal-mix0.5-ls1-ld0.5-lst1-ldaTrue-e1024-se16-h4-di0-ds6-asl30-vsl30-normTrue-feat2-a0.5-noiseTrue-r1,0.03063927,0.024795959,0.021334779,0.016013224,0.013298138,0.010932755
testfm69-vgg-unified_trans-lr5e-5-bs-144-balbal-mix0.5-ls1-ld0.5-lst1-ldaTrue-e1024-se16-h4-di0-ds6-asl30-vsl30-normTrue-feat2-a0.5-noiseTrue-r2,0.026062742,0.023771333,0.018207248,0.013568551,0.011095161,0.00876845
testfm69-vgg-unified_trans-lr5e-5-bs-144-balbal-mix0.5-ls1-ld0.5-lst1-ldaTrue-e1024-se16-h4-di0-ds6-asl30-vsl30-normTrue-feat2-a0.5-noiseTrue-r3,0.027150078,0.022156524,0.019464826,0.01453309,0.011177487,0.00909077
testfm69-vgg-unified_trans-lr5e-5-bs-144-balbal-mix0.5-ls1-ld0.5-lst1-ldaTrue-e1024-se16-h4-di1-ds5-asl30-vsl30-normTrue-feat2-a0.5-noiseTrue-r1,0.044465035,0.01581568,0.0140207345,0.015295721,0.015688939,0.0151627995
testfm69-vgg-unified_trans-lr5e-5-bs-144-balbal-mix0.5-ls1-ld0.5-lst1-ldaTrue-e1024-se16-h4-di1-ds5-asl30-vsl30-normTrue-feat2-a0.5-noiseTrue-r2,0.04460236,0.013905303,0.015591319,0.016772665,0.015080526,0.015614327
testfm69-vgg-unified_trans-lr5e-5-bs-144-balbal-mix0.5-ls1-ld0.5-lst1-ldaTrue-e1024-se16-h4-di1-ds5-asl30-vsl30-normTrue-feat2-a0.5-noiseTrue-r3,0.04456481,0.0133820735,0.015747214,0.01572157,0.015314296,0.013917718
testfm69-vgg-unified_trans-lr5e-5-bs-144-balbal-mix0.5-ls1-ld0.5-lst1-ldaTrue-e1024-se16-h4-di2-ds4-asl30-vsl30-normTrue-feat2-a0.5-noiseTrue-r1,0.041900795,0.044468142,0.012820442,0.013418758,0.014050247,0.013113838
testfm69-vgg-unified_trans-lr5e-5-bs-144-balbal-mix0.5-ls1-ld0.5-lst1-ldaTrue-e1024-se16-h4-di2-ds4-asl30-vsl30-normTrue-feat2-a0.5-noiseTrue-r2,0.042263914,0.044156704,0.011718082,0.012935292,0.01228408,0.012691943
testfm69-vgg-unified_trans-lr5e-5-bs-144-balbal-mix0.5-ls1-ld0.5-lst1-ldaTrue-e1024-se16-h4-di2-ds4-asl30-vsl30-normTrue-feat2-a0.5-noiseTrue-r3,0.041919522,0.044288684,0.015693778,0.016089791,0.015966905,0.017053979
testfm69-vgg-unified_trans-lr5e-5-bs-144-balbal-mix0.5-ls1-ld0.5-lst1-ldaTrue-e1024-se16-h4-di3-ds3-asl30-vsl30-normTrue-feat2-a0.5-noiseTrue-r1,0.04180028,0.042573337,0.05232867,0.015788153,0.015453158,0.016067406
testfm69-vgg-unified_trans-lr5e-5-bs-144-balbal-mix0.5-ls1-ld0.5-lst1-ldaTrue-e1024-se16-h4-di3-ds3-asl30-vsl30-normTrue-feat2-a0.5-noiseTrue-r2,0.04298654,0.041911438,0.052268747,0.015127634,0.015107311,0.0154721895
testfm69-vgg-unified_trans-lr5e-5-bs-144-balbal-mix0.5-ls1-ld0.5-lst1-ldaTrue-e1024-se16-h4-di3-ds3-asl30-vsl30-normTrue-feat2-a0.5-noiseTrue-r3,0.042676937,0.042096913,0.052537434,0.015315168,0.0150036365,0.016452422
testfm69-vgg-unified_trans-lr5e-5-bs-144-balbal-mix0.5-ls1-ld0.5-lst1-ldaTrue-e1024-se16-h4-di4-ds2-asl30-vsl30-normTrue-feat2-a0.5-noiseTrue-r1,0.043254703,0.041887227,0.049719784,0.057042975,0.010426379,0.01115896
testfm69-vgg-unified_trans-lr5e-5-bs-144-balbal-mix0.5-ls1-ld0.5-lst1-ldaTrue-e1024-se16-h4-di4-ds2-asl30-vsl30-normTrue-feat2-a0.5-noiseTrue-r2,0.042550664,0.042547554,0.04953743,0.05789304,0.015016096,0.014487652
testfm69-vgg-unified_trans-lr5e-5-bs-144-balbal-mix0.5-ls1-ld0.5-lst1-ldaTrue-e1024-se16-h4-di4-ds2-asl30-vsl30-normTrue-feat2-a0.5-noiseTrue-r3,0.04317163,0.04146224,0.047028933,0.056826964,0.012086006,0.013306374
testfm69-vgg-unified_trans-lr5e-5-bs-144-balbal-mix0.5-ls1-ld0.5-lst1-ldaTrue-e1024-se16-h4-di5-ds1-asl30-vsl30-normTrue-feat2-a0.5-noiseTrue-r1,0.04246662,0.04248253,0.04992199,0.056528404,0.061750583,0.0138968155
testfm69-vgg-unified_trans-lr5e-5-bs-144-balbal-mix0.5-ls1-ld0.5-lst1-ldaTrue-e1024-se16-h4-di5-ds1-asl30-vsl30-normTrue-feat2-a0.5-noiseTrue-r2,0.041867297,0.04124851,0.048023243,0.05553705,0.06129858,0.013711194
testfm69-vgg-unified_trans-lr5e-5-bs-144-balbal-mix0.5-ls1-ld0.5-lst1-ldaTrue-e1024-se16-h4-di5-ds1-asl30-vsl30-normTrue-feat2-a0.5-noiseTrue-r3,0.04169227,0.0429035,0.05074355,0.058113765,0.061683472,0.013631549
testfm69-vgg-unified_trans-lr5e-5-bs-144-balbal-mix0.5-ls1-ld0.5-lst1-ldaTrue-e1024-se16-h4-di6-ds0-asl30-vsl30-normTrue-feat2-a0.5-noiseTrue-r1,0.042290658,0.043929733,0.048828356,0.05281645,0.053858574,0.054507896
testfm69-vgg-unified_trans-lr5e-5-bs-144-balbal-mix0.5-ls1-ld0.5-lst1-ldaTrue-e1024-se16-h4-di6-ds0-asl30-vsl30-normTrue-feat2-a0.5-noiseTrue-r2,0.042242784,0.04325571,0.048183784,0.05161096,0.052443217,0.05410315
testfm69-vgg-unified_trans-lr5e-5-bs-144-balbal-mix0.5-ls1-ld0.5-lst1-ldaTrue-e1024-se16-h4-di6-ds0-asl30-vsl30-normTrue-feat2-a0.5-noiseTrue-r3,0.03801613,0.03894486,0.03928417,0.03663525,0.036532417,0.037872426
testfm69-vgg-unified_trans-lr5e-5-bs-144-balbal-mix0.5-ls1-ld0.5-lst1-ldaTrue-e1024-se256-h4-di0-ds6-asl30-vsl30-normTrue-feat2-a0.5-noiseTrue-r1,0.021888161,0.023544164,0.024101468,0.023257783,0.021240508,0.01469486
testfm69-vgg-unified_trans-lr5e-5-bs-144-balbal-mix0.5-ls1-ld0.5-lst1-ldaTrue-e1024-se256-h4-di0-ds6-asl30-vsl30-normTrue-feat2-a0.5-noiseTrue-r2,0.024495319,0.026454892,0.025815036,0.024235357,0.022817278,0.018225523
testfm69-vgg-unified_trans-lr5e-5-bs-144-balbal-mix0.5-ls1-ld0.5-lst1-ldaTrue-e1024-se256-h4-di0-ds6-asl30-vsl30-normTrue-feat2-a0.5-noiseTrue-r3,0.022803253,0.023702921,0.024466991,0.023771781,0.02143488,0.016697224
testfm69-vgg-unified_trans-lr5e-5-bs-144-balbal-mix0.5-ls1-ld0.5-lst1-ldaTrue-e1024-se256-h4-di1-ds5-asl30-vsl30-normTrue-feat2-a0.5-noiseTrue-r1,0.043617837,0.013947778,0.015849117,0.012744085,0.011248393,0.009562138
testfm69-vgg-unified_trans-lr5e-5-bs-144-balbal-mix0.5-ls1-ld0.5-lst1-ldaTrue-e1024-se256-h4-di1-ds5-asl30-vsl30-normTrue-feat2-a0.5-noiseTrue-r2,0.044466615,0.016431924,0.01849865,0.01761416,0.014579754,0.012295944
testfm69-vgg-unified_trans-lr5e-5-bs-144-balbal-mix0.5-ls1-ld0.5-lst1-ldaTrue-e1024-se256-h4-di1-ds5-asl30-vsl30-normTrue-feat2-a0.5-noiseTrue-r3,0.044440057,0.01613745,0.016348258,0.015151691,0.012895847,0.011213002
testfm69-vgg-unified_trans-lr5e-5-bs-144-balbal-mix0.5-ls1-ld0.5-lst1-ldaTrue-e1024-se256-h4-di2-ds4-asl30-vsl30-normTrue-feat2-a0.5-noiseTrue-r1,0.041588932,0.040500984,0.006341191,0.007068222,0.0077237696,0.007880124
testfm69-vgg-unified_trans-lr5e-5-bs-144-balbal-mix0.5-ls1-ld0.5-lst1-ldaTrue-e1024-se256-h4-di2-ds4-asl30-vsl30-normTrue-feat2-a0.5-noiseTrue-r2,0.04092315,0.04107645,0.006316379,0.0070788222,0.007659061,0.008090709
testfm69-vgg-unified_trans-lr5e-5-bs-144-balbal-mix0.5-ls1-ld0.5-lst1-ldaTrue-e1024-se256-h4-di2-ds4-asl30-vsl30-normTrue-feat2-a0.5-noiseTrue-r3,0.036622033,0.036329616,0.004910573,0.0056597847,0.005931518,0.0063606403
testfm69-vgg-unified_trans-lr5e-5-bs-144-balbal-mix0.5-ls1-ld0.5-lst1-ldaTrue-e1024-se256-h4-di3-ds3-asl30-vsl30-normTrue-feat2-a0.5-noiseTrue-r1,0.041100178,0.040625818,0.04732456,0.0053980206,0.006222345,0.0066333734
testfm69-vgg-unified_trans-lr5e-5-bs-144-balbal-mix0.5-ls1-ld0.5-lst1-ldaTrue-e1024-se256-h4-di3-ds3-asl30-vsl30-normTrue-feat2-a0.5-noiseTrue-r2,0.037947837,0.03634351,0.03981409,0.004704219,0.0053954194,0.0058381613
testfm69-vgg-unified_trans-lr5e-5-bs-144-balbal-mix0.5-ls1-ld0.5-lst1-ldaTrue-e1024-se256-h4-di3-ds3-asl30-vsl30-normTrue-feat2-a0.5-noiseTrue-r3,0.03735201,0.03723386,0.043391127,0.004566953,0.0052792276,0.00566254
testfm69-vgg-unified_trans-lr5e-5-bs-144-balbal-mix0.5-ls1-ld0.5-lst1-ldaTrue-e1024-se256-h4-di4-ds2-asl30-vsl30-normTrue-feat2-a0.5-noiseTrue-r1,0.04106928,0.038600173,0.046936143,0.050447557,0.004703734,0.0052285315
testfm69-vgg-unified_trans-lr5e-5-bs-144-balbal-mix0.5-ls1-ld0.5-lst1-ldaTrue-e1024-se256-h4-di4-ds2-asl30-vsl30-normTrue-feat2-a0.5-noiseTrue-r2,0.040741,0.03866044,0.047012653,0.05117433,0.0046342593,0.005189721
testfm69-vgg-unified_trans-lr5e-5-bs-144-balbal-mix0.5-ls1-ld0.5-lst1-ldaTrue-e1024-se256-h4-di4-ds2-asl30-vsl30-normTrue-feat2-a0.5-noiseTrue-r3,0.039151177,0.03793971,0.04433389,0.05016768,0.004475729,0.005005177
testfm69-vgg-unified_trans-lr5e-5-bs-144-balbal-mix0.5-ls1-ld0.5-lst1-ldaTrue-e1024-se256-h4-di5-ds1-asl30-vsl30-normTrue-feat2-a0.5-noiseTrue-r1,0.04046073,0.037938595,0.04583525,0.051827848,0.054212388,0.0041404464
testfm69-vgg-unified_trans-lr5e-5-bs-144-balbal-mix0.5-ls1-ld0.5-lst1-ldaTrue-e1024-se256-h4-di5-ds1-asl30-vsl30-normTrue-feat2-a0.5-noiseTrue-r2,0.039451003,0.038344413,0.044918485,0.050095614,0.051568203,0.003903229
testfm69-vgg-unified_trans-lr5e-5-bs-144-balbal-mix0.5-ls1-ld0.5-lst1-ldaTrue-e1024-se256-h4-di5-ds1-asl30-vsl30-normTrue-feat2-a0.5-noiseTrue-r3,0.036200482,0.033500914,0.040605757,0.043384824,0.046623215,0.0037053965
testfm69-vgg-unified_trans-lr5e-5-bs-144-balbal-mix0.5-ls1-ld0.5-lst1-ldaTrue-e1024-se256-h4-di6-ds0-asl30-vsl30-normTrue-feat2-a0.5-noiseTrue-r1,0.043176036,0.0440014,0.050217014,0.053541917,0.055747155,0.055785626
testfm69-vgg-unified_trans-lr5e-5-bs-144-balbal-mix0.5-ls1-ld0.5-lst1-ldaTrue-e1024-se256-h4-di6-ds0-asl30-vsl30-normTrue-feat2-a0.5-noiseTrue-r2,0.043246966,0.043968186,0.049734097,0.05321185,0.054840356,0.055345427
testfm69-vgg-unified_trans-lr5e-5-bs-144-balbal-mix0.5-ls1-ld0.5-lst1-ldaTrue-e1024-se256-h4-di6-ds0-asl30-vsl30-normTrue-feat2-a0.5-noiseTrue-r3,0.042621408,0.042862967,0.048179675,0.051255047,0.053505287,0.053353406
testfm69-vgg-unified_trans-lr5e-5-bs-144-balbal-mix0.5-ls1-ld0.5-lst1-ldaTrue-e1024-se32-h4-di0-ds6-asl30-vsl30-normTrue-feat2-a0.5-noiseTrue-r1,0.020763282,0.02129203,0.022028917,0.029330544,0.022087147,0.01818476
testfm69-vgg-unified_trans-lr5e-5-bs-144-balbal-mix0.5-ls1-ld0.5-lst1-ldaTrue-e1024-se32-h4-di0-ds6-asl30-vsl30-normTrue-feat2-a0.5-noiseTrue-r2,0.021088779,0.020861251,0.02346037,0.02286806,0.01848518,0.016810233
testfm69-vgg-unified_trans-lr5e-5-bs-144-balbal-mix0.5-ls1-ld0.5-lst1-ldaTrue-e1024-se32-h4-di0-ds6-asl30-vsl30-normTrue-feat2-a0.5-noiseTrue-r3,0.019060409,0.019832015,0.01771675,0.016812928,0.013868483,0.012055274
testfm69-vgg-unified_trans-lr5e-5-bs-144-balbal-mix0.5-ls1-ld0.5-lst1-ldaTrue-e1024-se32-h4-di1-ds5-asl30-vsl30-normTrue-feat2-a0.5-noiseTrue-r1,0.04310123,0.008263904,0.009003358,0.009704271,0.010027947,0.009923745
testfm69-vgg-unified_trans-lr5e-5-bs-144-balbal-mix0.5-ls1-ld0.5-lst1-ldaTrue-e1024-se32-h4-di1-ds5-asl30-vsl30-normTrue-feat2-a0.5-noiseTrue-r2,0.04277784,0.008049955,0.008571876,0.009394478,0.00945911,0.008961088
testfm69-vgg-unified_trans-lr5e-5-bs-144-balbal-mix0.5-ls1-ld0.5-lst1-ldaTrue-e1024-se32-h4-di1-ds5-asl30-vsl30-normTrue-feat2-a0.5-noiseTrue-r3,0.042546373,0.008191678,0.0089132525,0.009234819,0.009660165,0.009547487
testfm69-vgg-unified_trans-lr5e-5-bs-144-balbal-mix0.5-ls1-ld0.5-lst1-ldaTrue-e1024-se32-h4-di2-ds4-asl30-vsl30-normTrue-feat2-a0.5-noiseTrue-r1,0.03833278,0.040810578,0.010749053,0.0112660285,0.010784074,0.011423939
testfm69-vgg-unified_trans-lr5e-5-bs-144-balbal-mix0.5-ls1-ld0.5-lst1-ldaTrue-e1024-se32-h4-di2-ds4-asl30-vsl30-normTrue-feat2-a0.5-noiseTrue-r2,0.03867853,0.040958434,0.009916376,0.009981862,0.0102907205,0.010446178
testfm69-vgg-unified_trans-lr5e-5-bs-144-balbal-mix0.5-ls1-ld0.5-lst1-ldaTrue-e1024-se32-h4-di2-ds4-asl30-vsl30-normTrue-feat2-a0.5-noiseTrue-r3,0.039135996,0.041506227,0.0104565555,0.010643975,0.011425763,0.011414826
testfm69-vgg-unified_trans-lr5e-5-bs-144-balbal-mix0.5-ls1-ld0.5-lst1-ldaTrue-e1024-se32-h4-di3-ds3-asl30-vsl30-normTrue-feat2-a0.5-noiseTrue-r1,0.04043698,0.037855282,0.04871664,0.010689329,0.010795827,0.010529448
testfm69-vgg-unified_trans-lr5e-5-bs-144-balbal-mix0.5-ls1-ld0.5-lst1-ldaTrue-e1024-se32-h4-di3-ds3-asl30-vsl30-normTrue-feat2-a0.5-noiseTrue-r2,0.038977724,0.037692614,0.048923723,0.01030138,0.010363706,0.010480081
testfm69-vgg-unified_trans-lr5e-5-bs-144-balbal-mix0.5-ls1-ld0.5-lst1-ldaTrue-e1024-se32-h4-di3-ds3-asl30-vsl30-normTrue-feat2-a0.5-noiseTrue-r3,0.038748108,0.03566641,0.04777959,0.0106042605,0.010145772,0.0103147365
testfm69-vgg-unified_trans-lr5e-5-bs-144-balbal-mix0.5-ls1-ld0.5-lst1-ldaTrue-e1024-se32-h4-di4-ds2-asl30-vsl30-normTrue-feat2-a0.5-noiseTrue-r1,0.038012423,0.03713466,0.043372817,0.054428205,0.009325747,0.009339158
testfm69-vgg-unified_trans-lr5e-5-bs-144-balbal-mix0.5-ls1-ld0.5-lst1-ldaTrue-e1024-se32-h4-di4-ds2-asl30-vsl30-normTrue-feat2-a0.5-noiseTrue-r2,0.039323866,0.036873385,0.044822488,0.054600004,0.009869396,0.009789742
testfm69-vgg-unified_trans-lr5e-5-bs-144-balbal-mix0.5-ls1-ld0.5-lst1-ldaTrue-e1024-se32-h4-di4-ds2-asl30-vsl30-normTrue-feat2-a0.5-noiseTrue-r3,0.038966715,0.03653373,0.044608485,0.054126922,0.009519265,0.009481337
testfm69-vgg-unified_trans-lr5e-5-bs-144-balbal-mix0.5-ls1-ld0.5-lst1-ldaTrue-e1024-se32-h4-di5-ds1-asl30-vsl30-normTrue-feat2-a0.5-noiseTrue-r1,0.037672132,0.037234165,0.044535123,0.05109543,0.057533413,0.008353562
testfm69-vgg-unified_trans-lr5e-5-bs-144-balbal-mix0.5-ls1-ld0.5-lst1-ldaTrue-e1024-se32-h4-di5-ds1-asl30-vsl30-normTrue-feat2-a0.5-noiseTrue-r2,0.040210627,0.038414028,0.047296405,0.054476034,0.05932957,0.008763104
testfm69-vgg-unified_trans-lr5e-5-bs-144-balbal-mix0.5-ls1-ld0.5-lst1-ldaTrue-e1024-se32-h4-di5-ds1-asl30-vsl30-normTrue-feat2-a0.5-noiseTrue-r3,0.03810283,0.03565357,0.043440547,0.052001808,0.05796098,0.0085431915
testfm69-vgg-unified_trans-lr5e-5-bs-144-balbal-mix0.5-ls1-ld0.5-lst1-ldaTrue-e1024-se32-h4-di6-ds0-asl30-vsl30-normTrue-feat2-a0.5-noiseTrue-r1,0.039978225,0.039713882,0.041971657,0.043317474,0.0453545,0.045922253
testfm69-vgg-unified_trans-lr5e-5-bs-144-balbal-mix0.5-ls1-ld0.5-lst1-ldaTrue-e1024-se32-h4-di6-ds0-asl30-vsl30-normTrue-feat2-a0.5-noiseTrue-r2,0.039362364,0.03975604,0.04465926,0.04481878,0.04337729,0.045331575
testfm69-vgg-unified_trans-lr5e-5-bs-144-balbal-mix0.5-ls1-ld0.5-lst1-ldaTrue-e1024-se32-h4-di6-ds0-asl30-vsl30-normTrue-feat2-a0.5-noiseTrue-r3,0.040354505,0.03978592,0.042896062,0.04139165,0.043834984,0.0460013
testfm69-vgg-unified_trans-lr5e-5-bs-144-balbal-mix0.5-ls1-ld0.5-lst1-ldaTrue-e1024-se512-h4-di0-ds6-asl30-vsl30-normTrue-feat2-a0.5-noiseTrue-r1,0.02603034,0.029067121,0.030041063,0.032650866,0.029728305,0.026847126
testfm69-vgg-unified_trans-lr5e-5-bs-144-balbal-mix0.5-ls1-ld0.5-lst1-ldaTrue-e1024-se512-h4-di0-ds6-asl30-vsl30-normTrue-feat2-a0.5-noiseTrue-r2,0.025765842,0.027887952,0.030380353,0.030534884,0.02845066,0.025867708
testfm69-vgg-unified_trans-lr5e-5-bs-144-balbal-mix0.5-ls1-ld0.5-lst1-ldaTrue-e1024-se512-h4-di0-ds6-asl30-vsl30-normTrue-feat2-a0.5-noiseTrue-r3,0.026821831,0.030057695,0.032914817,0.03349789,0.033568315,0.028015895
testfm69-vgg-unified_trans-lr5e-5-bs-144-balbal-mix0.5-ls1-ld0.5-lst1-ldaTrue-e1024-se512-h4-di1-ds5-asl30-vsl30-normTrue-feat2-a0.5-noiseTrue-r1,0.038369276,0.015299064,0.014619852,0.015750846,0.011623301,0.01044366
testfm69-vgg-unified_trans-lr5e-5-bs-144-balbal-mix0.5-ls1-ld0.5-lst1-ldaTrue-e1024-se512-h4-di1-ds5-asl30-vsl30-normTrue-feat2-a0.5-noiseTrue-r2,0.043088965,0.019820252,0.024003735,0.024270538,0.019339615,0.015743133
testfm69-vgg-unified_trans-lr5e-5-bs-144-balbal-mix0.5-ls1-ld0.5-lst1-ldaTrue-e1024-se512-h4-di1-ds5-asl30-vsl30-normTrue-feat2-a0.5-noiseTrue-r3,0.041765176,0.020354606,0.023650557,0.024220804,0.019196667,0.015129064
testfm69-vgg-unified_trans-lr5e-5-bs-144-balbal-mix0.5-ls1-ld0.5-lst1-ldaTrue-e1024-se512-h4-di2-ds4-asl30-vsl30-normTrue-feat2-a0.5-noiseTrue-r1,0.04062503,0.038797755,0.012547743,0.014620397,0.012131357,0.011085267
testfm69-vgg-unified_trans-lr5e-5-bs-144-balbal-mix0.5-ls1-ld0.5-lst1-ldaTrue-e1024-se512-h4-di2-ds4-asl30-vsl30-normTrue-feat2-a0.5-noiseTrue-r2,0.04331093,0.040088493,0.017543893,0.019238995,0.021350926,0.013822825
testfm69-vgg-unified_trans-lr5e-5-bs-144-balbal-mix0.5-ls1-ld0.5-lst1-ldaTrue-e1024-se512-h4-di2-ds4-asl30-vsl30-normTrue-feat2-a0.5-noiseTrue-r3,0.041779358,0.039812136,0.015634788,0.021796582,0.016874377,0.012493021
testfm69-vgg-unified_trans-lr5e-5-bs-144-balbal-mix0.5-ls1-ld0.5-lst1-ldaTrue-e1024-se512-h4-di3-ds3-asl30-vsl30-normTrue-feat2-a0.5-noiseTrue-r1,0.042211816,0.03971862,0.045915965,0.009121839,0.008955254,0.009224458
testfm69-vgg-unified_trans-lr5e-5-bs-144-balbal-mix0.5-ls1-ld0.5-lst1-ldaTrue-e1024-se512-h4-di3-ds3-asl30-vsl30-normTrue-feat2-a0.5-noiseTrue-r2,0.036423102,0.034955345,0.03778764,0.008149957,0.0074643004,0.0075220466
testfm69-vgg-unified_trans-lr5e-5-bs-144-balbal-mix0.5-ls1-ld0.5-lst1-ldaTrue-e1024-se512-h4-di3-ds3-asl30-vsl30-normTrue-feat2-a0.5-noiseTrue-r3,0.040421,0.038656414,0.044439934,0.009789783,0.010480379,0.008723395
testfm69-vgg-unified_trans-lr5e-5-bs-144-balbal-mix0.5-ls1-ld0.5-lst1-ldaTrue-e1024-se512-h4-di4-ds2-asl30-vsl30-normTrue-feat2-a0.5-noiseTrue-r1,0.041583087,0.04039573,0.04555618,0.049536463,0.00702073,0.007049795
testfm69-vgg-unified_trans-lr5e-5-bs-144-balbal-mix0.5-ls1-ld0.5-lst1-ldaTrue-e1024-se512-h4-di4-ds2-asl30-vsl30-normTrue-feat2-a0.5-noiseTrue-r2,0.041578606,0.04001205,0.04549106,0.04936099,0.00766608,0.007728866
testfm69-vgg-unified_trans-lr5e-5-bs-144-balbal-mix0.5-ls1-ld0.5-lst1-ldaTrue-e1024-se512-h4-di4-ds2-asl30-vsl30-normTrue-feat2-a0.5-noiseTrue-r3,0.03857981,0.037851743,0.042392157,0.04514592,0.0067199343,0.006150716
testfm69-vgg-unified_trans-lr5e-5-bs-144-balbal-mix0.5-ls1-ld0.5-lst1-ldaTrue-e1024-se512-h4-di5-ds1-asl30-vsl30-normTrue-feat2-a0.5-noiseTrue-r1,0.039866593,0.040106505,0.04699235,0.049282428,0.049966358,0.004304031
testfm69-vgg-unified_trans-lr5e-5-bs-144-balbal-mix0.5-ls1-ld0.5-lst1-ldaTrue-e1024-se512-h4-di5-ds1-asl30-vsl30-normTrue-feat2-a0.5-noiseTrue-r2,0.04046901,0.038087476,0.0453522,0.048691586,0.051385757,0.004692305
testfm69-vgg-unified_trans-lr5e-5-bs-144-balbal-mix0.5-ls1-ld0.5-lst1-ldaTrue-e1024-se512-h4-di5-ds1-asl30-vsl30-normTrue-feat2-a0.5-noiseTrue-r3,0.0405928,0.03952291,0.04591992,0.0503538,0.050296023,0.004494869
testfm69-vgg-unified_trans-lr5e-5-bs-144-balbal-mix0.5-ls1-ld0.5-lst1-ldaTrue-e1024-se512-h4-di6-ds0-asl30-vsl30-normTrue-feat2-a0.5-noiseTrue-r1,0.040993188,0.041431848,0.04748158,0.048331253,0.04770299,0.050021406
testfm69-vgg-unified_trans-lr5e-5-bs-144-balbal-mix0.5-ls1-ld0.5-lst1-ldaTrue-e1024-se512-h4-di6-ds0-asl30-vsl30-normTrue-feat2-a0.5-noiseTrue-r2,0.042114742,0.042617183,0.049767394,0.05457121,0.056523412,0.055903867
testfm69-vgg-unified_trans-lr5e-5-bs-144-balbal-mix0.5-ls1-ld0.5-lst1-ldaTrue-e1024-se512-h4-di6-ds0-asl30-vsl30-normTrue-feat2-a0.5-noiseTrue-r3,0.0420748,0.042942397,0.048595134,0.053223256,0.053776365,0.05428541
testfm69-vgg-unified_trans-lr5e-5-bs-144-balbal-mix0.5-ls1-ld0.5-lst1-ldaTrue-e1024-se64-h4-di0-ds6-asl30-vsl30-normTrue-feat2-a0.5-noiseTrue-r1,0.023436556,0.032307025,0.031804323,0.032558016,0.0385821,0.025476946
testfm69-vgg-unified_trans-lr5e-5-bs-144-balbal-mix0.5-ls1-ld0.5-lst1-ldaTrue-e1024-se64-h4-di0-ds6-asl30-vsl30-normTrue-feat2-a0.5-noiseTrue-r2,0.018146195,0.02407617,0.028446829,0.030629069,0.031512376,0.029751156
testfm69-vgg-unified_trans-lr5e-5-bs-144-balbal-mix0.5-ls1-ld0.5-lst1-ldaTrue-e1024-se64-h4-di0-ds6-asl30-vsl30-normTrue-feat2-a0.5-noiseTrue-r3,0.022048907,0.020740222,0.02806887,0.027923284,0.027915036,0.025024531
testfm69-vgg-unified_trans-lr5e-5-bs-144-balbal-mix0.5-ls1-ld0.5-lst1-ldaTrue-e1024-se64-h4-di1-ds5-asl30-vsl30-normTrue-feat2-a0.5-noiseTrue-r1,0.04376012,0.0076500056,0.008463478,0.008886854,0.0095169665,0.009394336
testfm69-vgg-unified_trans-lr5e-5-bs-144-balbal-mix0.5-ls1-ld0.5-lst1-ldaTrue-e1024-se64-h4-di1-ds5-asl30-vsl30-normTrue-feat2-a0.5-noiseTrue-r2,0.04352251,0.0074985507,0.008039833,0.009211603,0.00933971,0.009386364
testfm69-vgg-unified_trans-lr5e-5-bs-144-balbal-mix0.5-ls1-ld0.5-lst1-ldaTrue-e1024-se64-h4-di1-ds5-asl30-vsl30-normTrue-feat2-a0.5-noiseTrue-r3,0.042229537,0.0064434563,0.0071977745,0.0075157774,0.007786898,0.007855918
testfm69-vgg-unified_trans-lr5e-5-bs-144-balbal-mix0.5-ls1-ld0.5-lst1-ldaTrue-e1024-se64-h4-di2-ds4-asl30-vsl30-normTrue-feat2-a0.5-noiseTrue-r1,0.037703358,0.04073652,0.0074181184,0.007729873,0.008375439,0.008300678
testfm69-vgg-unified_trans-lr5e-5-bs-144-balbal-mix0.5-ls1-ld0.5-lst1-ldaTrue-e1024-se64-h4-di2-ds4-asl30-vsl30-normTrue-feat2-a0.5-noiseTrue-r2,0.03770586,0.039099593,0.006994675,0.007382645,0.007823624,0.007999645
testfm69-vgg-unified_trans-lr5e-5-bs-144-balbal-mix0.5-ls1-ld0.5-lst1-ldaTrue-e1024-se64-h4-di2-ds4-asl30-vsl30-normTrue-feat2-a0.5-noiseTrue-r3,0.039355487,0.040099964,0.0073450413,0.008033084,0.008324558,0.008729315
testfm69-vgg-unified_trans-lr5e-5-bs-144-balbal-mix0.5-ls1-ld0.5-lst1-ldaTrue-e1024-se64-h4-di3-ds3-asl30-vsl30-normTrue-feat2-a0.5-noiseTrue-r1,0.037120804,0.036840845,0.04584188,0.007147472,0.0072365096,0.007440237
testfm69-vgg-unified_trans-lr5e-5-bs-144-balbal-mix0.5-ls1-ld0.5-lst1-ldaTrue-e1024-se64-h4-di3-ds3-asl30-vsl30-normTrue-feat2-a0.5-noiseTrue-r2,0.03980939,0.037806913,0.04737001,0.007308062,0.00781345,0.008050419
testfm69-vgg-unified_trans-lr5e-5-bs-144-balbal-mix0.5-ls1-ld0.5-lst1-ldaTrue-e1024-se64-h4-di3-ds3-asl30-vsl30-normTrue-feat2-a0.5-noiseTrue-r3,0.034453746,0.03546775,0.045580655,0.0067404346,0.00700553,0.00734851
testfm69-vgg-unified_trans-lr5e-5-bs-144-balbal-mix0.5-ls1-ld0.5-lst1-ldaTrue-e1024-se64-h4-di4-ds2-asl30-vsl30-normTrue-feat2-a0.5-noiseTrue-r1,0.0364612,0.03556406,0.04306894,0.05080271,0.0064415885,0.006771662
testfm69-vgg-unified_trans-lr5e-5-bs-144-balbal-mix0.5-ls1-ld0.5-lst1-ldaTrue-e1024-se64-h4-di4-ds2-asl30-vsl30-normTrue-feat2-a0.5-noiseTrue-r2,0.035436314,0.035326134,0.04214414,0.049834825,0.006246784,0.0063564815
testfm69-vgg-unified_trans-lr5e-5-bs-144-balbal-mix0.5-ls1-ld0.5-lst1-ldaTrue-e1024-se64-h4-di4-ds2-asl30-vsl30-normTrue-feat2-a0.5-noiseTrue-r3,0.036810294,0.036014576,0.044674844,0.051732905,0.006349782,0.006543012
testfm69-vgg-unified_trans-lr5e-5-bs-144-balbal-mix0.5-ls1-ld0.5-lst1-ldaTrue-e1024-se64-h4-di5-ds1-asl30-vsl30-normTrue-feat2-a0.5-noiseTrue-r1,0.038343385,0.035581052,0.04257994,0.050879408,0.05557488,0.005691979
testfm69-vgg-unified_trans-lr5e-5-bs-144-balbal-mix0.5-ls1-ld0.5-lst1-ldaTrue-e1024-se64-h4-di5-ds1-asl30-vsl30-normTrue-feat2-a0.5-noiseTrue-r2,0.038442824,0.03604836,0.04282517,0.050314754,0.05579741,0.0058415295
testfm69-vgg-unified_trans-lr5e-5-bs-144-balbal-mix0.5-ls1-ld0.5-lst1-ldaTrue-e1024-se64-h4-di5-ds1-asl30-vsl30-normTrue-feat2-a0.5-noiseTrue-r3,0.03708449,0.036786065,0.04317373,0.051420357,0.05615134,0.0057655238
testfm69-vgg-unified_trans-lr5e-5-bs-144-balbal-mix0.5-ls1-ld0.5-lst1-ldaTrue-e1024-se64-h4-di6-ds0-asl30-vsl30-normTrue-feat2-a0.5-noiseTrue-r1,0.0440737,0.043985024,0.051241037,0.05490525,0.05710356,0.05713361
testfm69-vgg-unified_trans-lr5e-5-bs-144-balbal-mix0.5-ls1-ld0.5-lst1-ldaTrue-e1024-se64-h4-di6-ds0-asl30-vsl30-normTrue-feat2-a0.5-noiseTrue-r2,0.04293756,0.042782098,0.04864052,0.05176596,0.052175716,0.05265301
testfm69-vgg-unified_trans-lr5e-5-bs-144-balbal-mix0.5-ls1-ld0.5-lst1-ldaTrue-e1024-se64-h4-di6-ds0-asl30-vsl30-normTrue-feat2-a0.5-noiseTrue-r3,0.038394127,0.041110013,0.04101671,0.04377972,0.04415247,0.046328794
